name,datetime,tempmax,tempmin,temp,feelslikemax,feelslikemin,feelslike,dew,humidity,precip,precipprob,precipcover,preciptype,snow,snowdepth,windgust,windspeed,winddir,sealevelpressure,cloudcover,visibility,solarradiation,solarenergy,uvindex,severerisk,sunrise,sunset,moonphase,conditions,description,icon,stations
liestal,2022-10-01,13.1,6.6,9.8,13.1,5.9,9.5,8.6,92.3,6.08,100,58.33,rain,0,0,37.4,18.9,175.7,1017.2,91.5,17.7,16.9,1.3,1,10,2022-10-01T07:27:46,2022-10-01T19:09:00,0.17,"Rain, Overcast",Cloudy skies throughout the day with rain.,rain,"06601099999,06641099999,06645099999,04175,07299099999,00259,06626099999,F6151,AT524,01346"
liestal,2022-10-02,19.7,12.5,15.5,19.7,12.5,15.5,12.7,84.5,4.072,100,50,rain,0,0,54.7,24.7,261.6,1022.2,96.8,23.8,79,6.9,4,10,2022-10-02T07:29:08,2022-10-02T19:06:59,0.22,"Rain, Overcast",Cloudy skies throughout the day with a chance of rain throughout the day.,rain,"06601099999,06641099999,06645099999,04175,07299099999,06626099999,F6151"
liestal,2022-10-03,16.2,8.5,13.1,16.2,8.5,13.1,10.7,86.2,4.79,100,16.67,rain,0,0,36.4,10.1,357.5,1026,76.1,17.1,56.1,5,3,10,2022-10-03T07:30:31,2022-10-03T19:04:59,0.28,"Rain, Partially cloudy",Partly cloudy throughout the day with rain clearing later.,rain,"06601099999,06641099999,06645099999,04175,07299099999,06626099999,F6151"
liestal,2022-10-04,18.7,6.9,11.9,18.7,6,11.7,9.1,84.2,0.012,100,4.17,rain,0,0,21.4,10.5,118.3,1023.5,55.8,16.3,122.9,10.6,7,10,2022-10-04T07:31:54,2022-10-04T19:02:58,0.34,"Rain, Partially cloudy",Partly cloudy throughout the day with morning rain.,rain,"06601099999,06641099999,06645099999,04175,07299099999,06643099999,06626099999,F6151"
liestal,2022-10-05,22.7,9.9,14.5,22.7,9,14.4,10.8,80.9,0.016,100,4.17,rain,0,0,19.4,11,109.5,1023.5,22.8,22.2,115.6,10,7,10,2022-10-05T07:33:17,2022-10-05T19:00:59,0.39,"Rain, Partially cloudy",Clearing in the afternoon with early morning rain.,rain,"06601099999,06641099999,06647099999,06645099999,06633099999,04175,07299099999,06643099999,00259,06626099999,F6151,06602099999"
liestal,2022-10-06,19,9.5,13.5,19,9.5,13.5,10.3,82.1,0.033,100,8.33,rain,0,0,23.2,11,308.8,1029.7,52.3,27.8,64.6,5.6,5,10,2022-10-06T07:34:41,2022-10-06T18:59:00,0.43,"Rain, Partially cloudy",Partly cloudy throughout the day with rain clearing later.,rain,"06601099999,06641099999,06645099999,04175,07299099999,06643099999,06626099999,F6151"
liestal,2022-10-07,20.8,12.2,15.5,20.8,12.2,15.5,12.3,82.1,0,0,0,,0,0,17.1,6.5,145.2,1024.9,85.3,34.5,112,9.7,6,10,2022-10-07T07:36:05,2022-10-07T18:57:01,0.47,Partially cloudy,Partly cloudy throughout the day.,partly-cloudy-day,"06601099999,06641099999,06645099999,04175,07299099999,06643099999,06626099999,F6151"
liestal,2022-10-08,17.1,10.8,14,17.1,10.8,14,11.2,84.2,0.139,100,12.5,rain,0,0,22.1,9.5,279.3,1022.3,94.9,26.4,52.8,4.4,4,10,2022-10-08T07:37:29,2022-10-08T18:55:03,0.49,"Rain, Overcast",Cloudy skies throughout the day with afternoon rain.,rain,"06601099999,06641099999,06645099999,04175,07299099999,06626099999,F6151"
liestal,2022-10-09,15,7.6,11.2,15,7.1,11.1,8.6,84.8,0.016,100,4.17,rain,0,0,24,10.9,69.3,1021.7,94.1,21.8,82.5,7.1,7,10,2022-10-09T07:38:53,2022-10-09T18:53:05,0.5,"Rain, Overcast",Cloudy skies throughout the day with morning rain.,rain,"06601099999,06641099999,06645099999,04175,07299099999,06626099999,E5506,F6151"
liestal,2022-10-10,20.9,11.8,15.1,20.9,11.8,15.1,11.5,79.9,0.085,100,8.33,rain,0,0,19.9,9.2,136.2,1019.1,86.9,24.9,106.6,9.3,6,10,2022-10-10T07:40:18,2022-10-10T18:51:08,0.5,"Rain, Partially cloudy",Partly cloudy throughout the day with morning rain.,rain,"06601099999,06641099999,06645099999,04175,07299099999,06626099999,F6151"
liestal,2022-10-11,17.5,11.9,14.3,17.5,11.9,14.3,12.3,88.4,0.429,100,16.67,rain,0,0,22.1,8.4,348.9,1023,97.9,15.6,54.7,4.8,2,10,2022-10-11T07:41:43,2022-10-11T18:49:12,0.52,"Rain, Overcast",Cloudy skies throughout the day with early morning rain.,rain,"06601099999,06641099999,06645099999,04175,07299099999,06626099999,F6151"
liestal,2022-10-12,17.4,11.6,13.6,17.4,11.6,13.6,11.4,86.9,0,0,0,,0,0,16.4,7.7,57.2,1023.3,79.4,15.5,50.5,4.4,3,10,2022-10-12T07:43:08,2022-10-12T18:47:16,0.54,Partially cloudy,Partly cloudy throughout the day.,partly-cloudy-day,"06601099999,06641099999,06645099999,04175,07299099999,06626099999,F6151"
liestal,2022-10-13,17,9.5,12.8,17,9.3,12.8,11,89.2,1.83,100,25,rain,0,0,17.3,8.4,110.2,1021.7,85.6,13.8,63.2,5.5,4,10,2022-10-13T07:44:34,2022-10-13T18:45:21,0.57,"Rain, Partially cloudy",Partly cloudy throughout the day with late afternoon rain.,rain,"06601099999,06641099999,06645099999,04175,07299099999,06626099999,F6151"
liestal,2022-10-14,16.2,12.2,13.9,16.2,12.2,13.9,12.8,93,8.921,100,62.5,rain,0,0,34.2,36.7,194,1017.1,97.8,14.5,33.7,2.8,2,10,2022-10-14T07:45:59,2022-10-14T18:43:27,0.61,"Rain, Overcast",Cloudy skies throughout the day with a chance of rain throughout the day.,rain,"06601099999,06641099999,06645099999,04175,07299099999,00259,06626099999,D5072,F6151,AT524,01346"
liestal,2022-10-15,19.7,13.9,16.1,19.7,13.9,16.1,13.3,84.3,3.934,100,41.67,rain,0,0,33.5,16.5,257.1,1013.7,96.1,43.4,50,4.5,4,10,2022-10-15T07:47:26,2022-10-15T18:41:34,0.65,"Rain, Overcast",Cloudy skies throughout the day with a chance of rain throughout the day.,rain,"06601099999,06641099999,06645099999,04175,07299099999,06626099999,E5506,F6151"
liestal,2022-10-16,23.2,13.2,17,23.2,13.2,17,12.8,78.1,0,0,0,,0,0,24.6,12,126.7,1017.9,85.3,35.8,85,7.4,5,10,2022-10-16T07:48:52,2022-10-16T18:39:41,0.7,Partially cloudy,Partly cloudy throughout the day.,partly-cloudy-day,"06601099999,06641099999,06645099999,04175,07299099999,06626099999,F6151"
liestal,2022-10-17,22.9,12.5,16.3,22.9,12.5,16.3,12.3,78.7,0,0,0,,0,0,19.8,36,165.1,1024.7,52.5,31.2,94,8.2,6,10,2022-10-17T07:50:19,2022-10-17T18:37:50,0.74,Partially cloudy,Partly cloudy throughout the day.,partly-cloudy-day,"06601099999,06641099999,06645099999,04175,07299099999,00259,06626099999,F6151,01346"
liestal,2022-10-18,22.5,13,16.7,22.5,13,16.7,13,80.2,0,0,0,,0,0,18.1,26.6,166.3,1027.2,50.9,28.8,96.6,8,5,10,2022-10-18T07:51:46,2022-10-18T18:35:59,0.79,Partially cloudy,Partly cloudy throughout the day.,partly-cloudy-day,"06601099999,06641099999,06645099999,04175,07299099999,00259,06626099999,F6151,01346"
liestal,2022-10-19,18,11,14.3,18,11,14.3,12.3,88.6,0.016,100,4.17,rain,0,0,29.3,16.7,76.6,1023.6,55.9,6.6,86.5,7.5,6,10,2022-10-19T07:53:13,2022-10-19T18:34:09,0.84,"Rain, Partially cloudy",Partly cloudy throughout the day with morning rain.,rain,"06601099999,06641099999,06645099999,04175,07299099999,06626099999,F6151"
liestal,2022-10-20,17.6,14.3,15.9,17.6,14.3,15.9,12.8,82.1,0.112,100,12.5,rain,0,0,31.5,16,109,1016.9,97.1,16.1,35.1,3.1,1,10,2022-10-20T07:54:41,2022-10-20T18:32:20,0.88,"Rain, Overcast",Cloudy skies throughout the day with rain.,rain,"06601099999,06641099999,06645099999,04175,07299099999,06626099999,F6151,AT524"
liestal,2022-10-21,16.5,14.3,15.4,16.5,14.3,15.4,13.9,91.2,14.462,100,79.17,rain,0,0,34.9,49.7,181.3,1014.1,97.9,22.4,20.4,1.7,1,10,2022-10-21T07:56:09,2022-10-21T18:30:32,0.92,"Rain, Overcast",Cloudy skies throughout the day with a chance of rain throughout the day.,rain,"06601099999,06641099999,06645099999,04175,07299099999,00259,06626099999,F6151,01346"
liestal,2022-10-22,20.3,13,15.7,20.3,13,15.7,12.7,83.8,8.237,100,37.5,rain,0,0,30.3,9.3,139.8,1017.1,71.3,33.6,86.7,7.5,6,10,2022-10-22T07:57:37,2022-10-22T18:28:46,0.96,"Rain, Partially cloudy",Clearing in the afternoon with rain clearing later.,rain,"06601099999,06641099999,06645099999,04175,07299099999,06626099999,E5506,F6151"
liestal,2022-10-23,21.2,11.7,15.5,21.2,11.7,15.5,11,75.7,0.473,100,12.5,rain,0,0,85.8,38.4,142.7,1014.9,81.6,41.9,47.3,4,2,10,2022-10-23T07:59:06,2022-10-23T18:27:00,0.98,"Rain, Partially cloudy",Partly cloudy throughout the day with late afternoon rain.,rain,"06601099999,06641099999,06645099999,04175,07299099999,06626099999,F6151,E5506"
liestal,2022-10-24,19.9,12.8,15.8,19.9,12.8,15.8,11.8,78,15.975,100,70.83,rain,0,0,80.9,24.5,179.7,1015.7,88.5,40.7,20.5,1.7,2,10,2022-10-24T08:00:35,2022-10-24T18:25:15,1,"Rain, Partially cloudy",Partly cloudy throughout the day with a chance of rain throughout the day.,rain,"06601099999,06641099999,06645099999,04175,07299099999,00259,06626099999,F6151,01346"
liestal,2022-10-25,17.7,10.6,13.5,17.7,10.6,13.5,11.4,87.9,6.491,100,29.17,rain,0,0,29,12.5,120.7,1019.7,65.5,25.8,80.2,6.9,5,10,2022-10-25T08:02:04,2022-10-25T18:23:32,0,"Rain, Partially cloudy",Partly cloudy throughout the day with rain clearing later.,rain,"06601099999,06641099999,06645099999,04175,07299099999,06626099999,E5506,F6151"
liestal,2022-10-26,21.6,13.1,15.8,21.6,13.1,15.8,12.6,82,1.224,100,37.5,rain,0,0,29.9,12.6,99.4,1020.5,71.7,29.5,75.1,6.4,5,10,2022-10-26T08:03:33,2022-10-26T18:21:50,0.01,"Rain, Partially cloudy",Partly cloudy throughout the day with rain clearing later.,rain,"06601099999,06641099999,06645099999,04175,07299099999,06626099999,F6151"
liestal,2022-10-27,20.3,11.2,15,20.3,11.2,15,11.8,82,0.061,100,12.5,rain,0,0,29,15.1,105.4,1025.3,46.3,22.2,77.9,6.6,5,10,2022-10-27T08:05:03,2022-10-27T18:20:09,0.03,"Rain, Partially cloudy",Clearing in the afternoon with rain clearing later.,rain,"06601099999,06641099999,06645099999,04175,07299099999,E1213,06626099999,E5506,F6151"
liestal,2022-10-28,21.3,14,16.5,21.3,14,16.5,11.9,75,0,0,0,,0,0,27.4,14.5,119.2,1024.9,76.1,26.9,68.4,6,5,10,2022-10-28T08:06:33,2022-10-28T18:18:29,0.06,Partially cloudy,Partly cloudy throughout the day.,partly-cloudy-day,"06601099999,06641099999,06645099999,04175,07299099999,06643099999,06626099999,F6151"
liestal,2022-10-29,21.4,12.8,16.2,21.4,12.8,16.2,12,76.9,0,0,0,,0,0,26.5,13.7,118.4,1023.6,74.7,23.6,72.3,6.3,4,10,2022-10-29T08:08:03,2022-10-29T18:16:51,0.1,Partially cloudy,Partly cloudy throughout the day.,partly-cloudy-day,"06601099999,06641099999,06645099999,04175,07299099999,06626099999,E5506,F6151"
liestal,2022-10-30,20.5,11.5,14.9,20.5,11.5,14.9,11.7,82.2,0.022,100,8.33,rain,0,0,21.2,11.7,109.6,1021.6,77.7,22.8,58,5.3,3,10,2022-10-30T07:09:33,2022-10-30T17:15:14,0.14,"Rain, Partially cloudy",Partly cloudy throughout the day with rain.,rain,"06601099999,06641099999,06645099999,04175,07299099999,06626099999,E5506,F6151"
liestal,2022-10-31,18.1,10.3,13.1,18.1,10.3,13.1,10.4,84.3,0.006,100,4.17,rain,0,0,22.9,10.6,102.8,1020,78.4,21.5,66.7,5.8,5,10,2022-10-31T07:11:03,2022-10-31T17:13:39,0.21,"Rain, Partially cloudy",Partly cloudy throughout the day with morning rain.,rain,"06601099999,06641099999,06645099999,04175,07299099999,06626099999,F6151"
liestal,2022-11-01,16.9,8.4,13.2,16.9,8.4,13.2,10.7,84.9,2.173,100,25,rain,0,0,29.6,12.4,304.2,1021.4,84.5,31.6,54.5,4.7,4,10,2022-11-01T07:12:34,2022-11-01T17:12:05,0.26,"Rain, Partially cloudy",Partly cloudy throughout the day with rain clearing later.,rain,"06601099999,06641099999,06645099999,04175,07299099999,E1213,E8728,06626099999,F6151,AT524"
liestal,2022-11-02,15.6,7.5,11.1,15.6,6.8,11,8.3,84.2,0.018,100,4.17,rain,0,0,14.9,5.8,175.6,1025.2,72.3,29.6,38.6,3.3,2,10,2022-11-02T07:14:05,2022-11-02T17:10:32,0.32,"Rain, Partially cloudy",Partly cloudy throughout the day with early morning rain.,rain,"06601099999,06641099999,06645099999,04175,07299099999,06626099999,E5506,F6151"
liestal,2022-11-03,12.1,6.6,9.7,12.1,4.9,9,7.5,86.5,3.663,100,37.5,rain,0,0,47,17.9,117.3,1014.7,83.4,21.9,44.6,3.8,3,10,2022-11-03T07:15:35,2022-11-03T17:09:01,0.37,"Rain, Partially cloudy",Partly cloudy throughout the day with rain.,rain,"06601099999,06641099999,06645099999,04175,07299099999,06626099999,E5506,F6151"
liestal,2022-11-04,10.8,7,9,10.8,6.7,8.6,6.4,84.2,1.768,100,37.5,rain,0,0,48.8,13.1,272.9,1010.3,99.7,43.9,31.6,2.6,1,10,2022-11-04T07:17:06,2022-11-04T17:07:32,0.42,"Rain, Overcast",Cloudy skies throughout the day with rain.,rain,"06601099999,06641099999,06645099999,04175,07299099999,06626099999,F6151"
liestal,2022-11-05,10.3,3.7,7.6,10.3,3.7,7.1,5.5,86.7,2.568,100,37.5,rain,0,0,23.9,10.5,260.2,1020.6,83.2,30.6,44.1,4,4,10,2022-11-05T07:18:37,2022-11-05T17:06:04,0.45,"Rain, Partially cloudy",Partly cloudy throughout the day with a chance of rain throughout the day.,rain,"06601099999,06641099999,06645099999,04175,07299099999,06626099999,F6151"
liestal,2022-11-06,8.5,2.6,5.8,7.9,0,3.8,3.8,87.6,0.169,100,8.33,rain,0,0,32.4,16,108.8,1018.8,76.6,20.2,52.3,4.5,4,10,2022-11-06T07:20:08,2022-11-06T17:04:38,0.48,"Rain, Partially cloudy",Partly cloudy throughout the day with late afternoon rain.,rain,"06601099999,06641099999,06645099999,04175,07299099999,06626099999,F6151"
liestal,2022-11-07,16.3,6.3,9.8,16.3,4.9,9.3,6.3,80,0.041,100,8.33,rain,0,0,23.3,9.9,139.7,1019.2,68.7,24.7,77.7,6.8,5,10,2022-11-07T07:21:39,2022-11-07T17:03:14,0.49,"Rain, Partially cloudy",Partly cloudy throughout the day with rain clearing later.,rain,"06601099999,06641099999,06645099999,04175,07299099999,06626099999,F6151"
liestal,2022-11-08,14,6.6,9.7,14,3.8,8.6,5.9,77.6,0,0,0,,0,0,28.2,16.1,138.4,1015.7,88.4,30.3,48.3,4.2,3,10,2022-11-08T07:23:09,2022-11-08T17:01:52,0.5,Partially cloudy,Partly cloudy throughout the day.,partly-cloudy-day,"06601099999,06641099999,06645099999,04175,07299099999,00259,06626099999,F6151,01346"
liestal,2022-11-09,11.7,9.3,10.7,11.7,7.5,10.5,9.2,90.8,14.163,100,79.17,rain,0,0,31.3,13.3,150.4,1017.1,99.4,10.7,13.1,1.2,1,10,2022-11-09T07:24:40,2022-11-09T17:00:31,0.51,"Rain, Overcast",Cloudy skies throughout the day with a chance of rain throughout the day.,rain,"06601099999,06641099999,06645099999,04175,07299099999,06626099999,F6151"
liestal,2022-11-10,13.6,5.4,9.5,13.6,5.4,9.4,7.8,90.1,0.892,100,29.17,rain,0,0,19.3,9.1,106.5,1028.1,39.1,25.9,63.9,5.5,4,10,2022-11-10T07:26:11,2022-11-10T16:59:12,0.53,"Rain, Partially cloudy",Partly cloudy throughout the day with rain.,rain,"06601099999,06641099999,06645099999,04175,07299099999,06626099999,F6151"
liestal,2022-11-11,12.1,4.7,7.9,12.1,3.1,6.8,6.4,90.6,0.017,100,4.17,rain,0,0,25,10.9,118,1034,75.6,10.4,54.1,4.7,3,10,2022-11-11T07:27:41,2022-11-11T16:57:56,0.54,"Rain, Partially cloudy",Partly cloudy throughout the day with afternoon rain.,rain,"06601099999,06641099999,06645099999,04175,07299099999,06626099999,F6151"
liestal,2022-11-12,9.9,6.3,7.6,8.5,4.2,5.7,6.4,92.1,0,0,0,,0,0,23.9,11.9,51.2,1032.6,88,1.9,50.3,4.5,3,10,2022-11-12T07:29:11,2022-11-12T16:56:41,0.58,Partially cloudy,Partly cloudy throughout the day.,partly-cloudy-day,"06601099999,06641099999,06645099999,04175,07299099999,06626099999,F6151"
liestal,2022-11-13,7.3,5.7,6.4,5.3,3.5,4.5,4.8,90,0,0,0,,0,0,28.1,13.3,97.5,1023.2,94.2,18.6,19.9,1.6,1,10,2022-11-13T07:30:41,2022-11-13T16:55:28,0.62,Overcast,Cloudy skies throughout the day.,cloudy,"06601099999,06641099999,06645099999,04175,07299099999,06626099999,F6151"
liestal,2022-11-14,11.1,5.7,8.6,11.1,2.8,7.2,6.1,84.7,0.668,100,33.33,rain,0,0,39.5,17.8,137.3,1016.7,86.9,20.6,17.9,1.5,1,10,2022-11-14T07:32:10,2022-11-14T16:54:17,0.66,"Rain, Partially cloudy",Partly cloudy throughout the day with rain in the morning and afternoon.,rain,"06601099999,06641099999,06645099999,04175,07299099999,06626099999,F6151"
liestal,2022-11-15,11.1,8,9.5,11.1,6.5,8.5,7.6,87.8,4.652,100,79.17,rain,0,0,27.7,19,129.7,1011.1,100,20.6,18.7,1.6,1,10,2022-11-15T07:33:39,2022-11-15T16:53:09,0.7,"Rain, Overcast",Cloudy skies throughout the day with a chance of rain throughout the day.,rain,"06601099999,06641099999,06645099999,04175,07299099999,00259,06626099999,F6151,01346"
liestal,2022-11-16,14.1,6.9,10,14.1,1.4,8.4,7.8,87.6,11.514,100,37.5,rain,0,0,27.7,46.4,192.3,1004.2,89.4,25.6,34.7,3.1,3,10,2022-11-16T07:35:08,2022-11-16T16:52:02,0.75,"Rain, Partially cloudy",Partly cloudy throughout the day with rain clearing later.,rain,"06601099999,04175,07299099999,00259,F6151,01346"
liestal,2022-11-17,14.8,8.6,11,14.8,4.6,9.5,7.4,79.7,14.824,100,54.17,rain,0,0,51.8,63,223.9,998.4,95,28.3,45.7,4,3,10,2022-11-17T07:36:36,2022-11-17T16:50:58,0.8,"Rain, Overcast",Cloudy skies throughout the day with rain.,rain,"06601099999,06641099999,06645099999,04175,07299099999,06643099999,00259,06626099999,F6151,01346"
liestal,2022-11-18,9.7,6.4,8.2,8.5,5.1,6.7,5.6,84.1,12.6,100,75,rain,0,0,39.8,18,254.8,1006.2,93.7,32.8,20.3,1.6,1,10,2022-11-18T07:38:04,2022-11-18T16:49:56,0.85,"Rain, Overcast",Cloudy skies throughout the day with a chance of rain throughout the day.,rain,"06601099999,06641099999,06645099999,04175,07299099999,06643099999,06626099999,F6151"
liestal,2022-11-19,8.9,4.3,6.7,8.6,3.9,6,4.6,86.9,0.481,100,45.83,rain,0,0,19.8,8.8,262.6,1012.2,96.1,44.9,31.2,2.6,2,10,2022-11-19T07:39:31,2022-11-19T16:48:56,0.89,"Rain, Overcast",Cloudy skies throughout the day with rain.,rain,"06601099999,06641099999,06645099999,04175,07299099999,06626099999,F6151"
liestal,2022-11-20,8.4,4.9,6.2,7,2.5,4.6,3.1,81.2,1.978,100,33.33,rain,0,0,34.4,13.8,268.2,1014.9,96.8,42.8,23.2,2.3,1,10,2022-11-20T07:40:57,2022-11-20T16:47:58,0.93,"Rain, Overcast",Cloudy skies throughout the day with a chance of rain throughout the day.,rain,"06601099999,06641099999,06645099999,04175,07299099999,E8728,06626099999,F6151"
liestal,2022-11-21,9.2,5.9,7.2,8.2,2.7,5.3,3.7,78.6,3.204,100,50,rain,0,0,42.2,20.4,200.9,1006.6,94.8,37.8,39,3.2,3,10,2022-11-21T07:42:23,2022-11-21T16:47:03,0.97,"Rain, Overcast",Cloudy skies throughout the day with rain.,rain,"06601099999,06641099999,06645099999,04175,07299099999,06626099999,F6151"
liestal,2022-11-22,8.5,5.1,6.8,6.9,3.9,5.4,3.2,78.1,0.651,100,20.83,rain,0,0,30.2,12.3,246.5,1002.3,98.9,42.3,23.2,2.3,1,10,2022-11-22T07:43:48,2022-11-22T16:46:11,0.99,"Rain, Overcast",Cloudy skies throughout the day with rain clearing later.,rain,"06601099999,06641099999,06645099999,04175,07299099999,06626099999,F6151"
liestal,2022-11-23,9.4,1.6,6,7.3,-0.7,4.3,3,82.1,7.997,100,29.17,rain,0,0,42.7,18,167.6,1006,69.6,31.2,50.4,4.3,4,10,2022-11-23T07:45:12,2022-11-23T16:45:20,1,"Rain, Partially cloudy",Partly cloudy throughout the day with rain.,rain,"06601099999,06641099999,06645099999,04175,07299099999,06626099999,F6151"
liestal,2022-11-24,11.3,4.9,7,11.3,2.2,5.7,4.7,85.8,1.561,100,20.83,rain,0,0,40.9,14.5,218.6,1016.4,78.7,28.8,17.8,1.7,1,10,2022-11-24T07:46:35,2022-11-24T16:44:32,0,"Rain, Partially cloudy",Partly cloudy throughout the day with morning rain.,rain,"06601099999,06641099999,06645099999,04175,07299099999,00259,06626099999,F6151,01346"
liestal,2022-11-25,8.5,4.7,6.1,7.7,2.4,4.9,4.7,90.7,1.062,100,33.33,rain,0,0,21.3,11.3,160.9,1021.3,95.5,21.4,20.9,1.9,1,10,2022-11-25T07:47:57,2022-11-25T16:43:47,0.02,"Rain, Overcast",Cloudy skies throughout the day with rain.,rain,"06601099999,06641099999,06645099999,04175,07299099999,06626099999,F6151"
liestal,2022-11-26,8.6,2.4,4.8,7.9,0.5,4.5,3.9,94.1,0,0,0,rain,0,0,15.6,7.2,50.4,1031.7,61.5,6.3,44.4,3.8,4,10,2022-11-26T07:49:18,2022-11-26T16:43:04,0.04,Partially cloudy,Partly cloudy throughout the day.,partly-cloudy-day,"06601099999,06641099999,06645099999,04175,07299099999,00259,06626099999,F6151,01346"
liestal,2022-11-27,6.7,1.8,4.6,4.3,-1.1,2,2,83.9,0,0,0,,0,0,31.4,16.9,118.3,1025.4,85.5,14.2,42.8,3.7,3,10,2022-11-27T07:50:38,2022-11-27T16:42:24,0.08,Partially cloudy,Partly cloudy throughout the day.,partly-cloudy-day,"06601099999,06641099999,06645099999,04175,07299099999,00259,06626099999,F6151,01346"
liestal,2022-11-28,8.5,4.5,6.4,7.5,2.3,4.9,3.6,82.5,0.084,100,12.5,rain,0,0,30.4,28.4,125.5,1015.6,100,20.4,20.3,1.8,1,10,2022-11-28T07:51:57,2022-11-28T16:41:47,0.13,"Rain, Overcast",Cloudy skies throughout the day with afternoon rain.,rain,"06601099999,06641099999,06645099999,04175,07299099999,00259,06626099999,F6151,01346"
liestal,2022-11-29,9,5.7,6.8,8.6,3.6,6.4,5.3,90.2,1.072,100,37.5,rain,0,0,18.8,11.8,305.7,1017.8,98.9,23.8,26,2.3,2,10,2022-11-29T07:53:14,2022-11-29T16:41:12,0.19,"Rain, Overcast",Cloudy skies throughout the day with rain.,rain,"06601099999,06641099999,06645099999,04175,07299099999,00259,06626099999,F6151,01346"
liestal,2022-11-30,6.7,4.6,5.8,5.9,-0.1,4.4,3.8,87.3,0.49,100,41.67,rain,0,0,29.1,33.5,62.7,1020.9,99.4,12.1,18.8,1.6,1,10,2022-11-30T07:54:30,2022-11-30T16:40:40,0.24,"Rain, Overcast",Cloudy skies throughout the day with a chance of rain throughout the day.,rain,"06601099999,06641099999,06645099999,04175,07299099999,00259,06626099999,F6151,E5506,01346"
liestal,2022-12-01,4.4,2.8,3.7,2.9,-2.6,1.7,0.7,81,0,0,0,snow,0,0,25.7,31.3,32.8,1022.6,100,11.6,13.4,1.1,1,10,2022-12-01T07:55:45,2022-12-01T16:40:11,0.3,Overcast,Cloudy skies throughout the day.,cloudy,"06601099999,06641099999,06645099999,C3619,04175,07299099999,00259,06626099999,F6151,AT524,01346"
liestal,2022-12-02,4.4,1.6,3,4.4,-0.5,2.5,1.3,88.2,0,0,0,,0,0,16.5,9.3,4.9,1019.7,97.4,6.7,14.3,1.1,1,10,2022-12-02T07:56:58,2022-12-02T16:39:44,0.35,Overcast,Cloudy skies throughout the day.,cloudy,"06601099999,06641099999,06645099999,04175,07299099999,00259,06626099999,F6151,01346"
liestal,2022-12-03,2.8,-0.9,1.3,0.8,-3.7,-1.5,-0.5,88.4,0,0,0,,0,0,27.3,38.9,75.5,1016.6,98.1,9.7,13.7,1.2,1,10,2022-12-03T07:58:10,2022-12-03T16:39:20,0.4,Overcast,Cloudy skies throughout the day.,cloudy,"06601099999,06641099999,06645099999,04175,07299099999,00259,06626099999,F6151,01346"
liestal,2022-12-04,2.5,1.8,2,2.3,-0.6,0.8,0.5,89.3,2.486,100,20.83,"rain,snow",0,0,26.5,9.2,61.8,1014.2,100,7,11.1,0.9,1,10,2022-12-04T07:59:20,2022-12-04T16:38:59,0.44,"Snow, Rain, Overcast",Cloudy skies throughout the day with afternoon rain or snow.,rain,"06601099999,06641099999,06645099999,04175,07299099999,E8728,06626099999,F6151"
liestal,2022-12-05,6.9,1.8,3.5,6.2,-3.5,2.8,2,89.8,0.044,100,12.5,rain,0,0,20.5,24.5,199.4,1020.1,87.1,13.2,29,2.3,2,10,2022-12-05T08:00:28,2022-12-05T16:38:41,0.47,"Rain, Partially cloudy",Partly cloudy throughout the day with rain clearing later.,rain,"06601099999,06641099999,06645099999,04175,07299099999,E8728,00259,06626099999,E5506,F6151,01346"
liestal,2022-12-06,5.2,-0.4,2.2,5.2,-3,1.2,0.4,88.1,0,0,0,,0,0,14.5,11.9,40.8,1020.2,78.3,10.6,35.6,3.1,3,10,2022-12-06T08:01:35,2022-12-06T16:38:25,0.49,Partially cloudy,Partly cloudy throughout the day.,partly-cloudy-day,"06601099999,06641099999,06645099999,04175,07299099999,E8728,00259,06626099999,E5506,F6151,01346"
liestal,2022-12-07,4.3,-0.5,2.4,4.3,-2.2,1.8,0.3,86.2,0,0,0,,0,0,13.9,6.8,269.9,1018.6,71.1,12.4,24.7,2.1,1,10,2022-12-07T08:02:40,2022-12-07T16:38:13,0.5,Partially cloudy,Partly cloudy throughout the day.,partly-cloudy-day,"06601099999,06641099999,06645099999,04175,07299099999,00259,06626099999,E5506,F6151,01346"
liestal,2022-12-08,2.7,-2,-0.3,2.7,-7.5,-0.6,-1.7,90.4,0,0,0,,0,0,13,29.2,258.6,1012.1,65.2,3.3,24.4,2.1,2,10,2022-12-08T08:03:43,2022-12-08T16:38:03,0.5,Partially cloudy,Partly cloudy throughout the day.,partly-cloudy-day,"06601099999,06641099999,06645099999,04175,07299099999,00259,06626099999,E5506,F6151,01346"
liestal,2022-12-09,0.6,-0.7,-0.3,-0.1,-5.4,-1.8,-1,94.9,5.044,100,70.83,"rain,snow",3.3,1,17.4,21.6,8.2,1005.1,100,2.6,2.9,0,0,10,2022-12-09T08:04:44,2022-12-09T16:37:56,0.51,"Snow, Rain, Overcast",Cloudy skies throughout the day with a chance of rain or snow throughout the day.,snow,"06601099999,06641099999,06645099999,04175,07299099999,00259,06626099999,D5072,AT524,F6151,01346"
liestal,2022-12-10,0.3,-0.8,-0.2,-0.3,-5.1,-1.7,-0.9,94.7,3.135,100,75,"rain,snow",2.9,2.8,17.7,13.3,295.2,1009.2,98.5,2.3,5.3,0.5,0,10,2022-12-10T08:05:43,2022-12-10T16:37:52,0.53,"Snow, Rain, Overcast",Cloudy skies throughout the day with a chance of rain or snow throughout the day.,snow,"06601099999,06641099999,06645099999,04175,07299099999,00259,06626099999,D5072,F6151,01346"
liestal,2022-12-11,-1.8,-6.3,-3.7,-1.8,-9.2,-4,-5,90.9,0,0,0,,0,4,13.2,6,262.8,1013.1,60.5,3.3,18.3,1.4,1,10,2022-12-11T08:06:39,2022-12-11T16:37:52,0.55,Partially cloudy,Partly cloudy throughout the day.,partly-cloudy-day,"06601099999,06641099999,06645099999,04175,07299099999,E8728,06626099999,F6151"
liestal,2022-12-12,-2.9,-6.5,-4.9,-5.7,-12.5,-8.1,-7,85.1,0,0,0,,0,2.5,31.4,22.7,92.4,1013.6,74.6,5.4,19.8,1.7,1,10,2022-12-12T08:07:34,2022-12-12T16:37:53,0.59,Partially cloudy,Partly cloudy throughout the day.,partly-cloudy-day,"06601099999,06641099999,06645099999,04175,07299099999,00259,06626099999,F6151,01346"
liestal,2022-12-13,-2.3,-7.7,-5,-6.6,-12.8,-9.9,-7.7,82,0.231,100,16.67,snow,0.8,2.2,31.1,36,73.1,1009.1,97.1,7,25.4,2.2,1,10,2022-12-13T08:08:26,2022-12-13T16:37:58,0.62,"Snow, Overcast",Cloudy skies throughout the day with late afternoon snow.,snow,"06601099999,06641099999,06645099999,04175,07299099999,00259,06626099999,F6151,01346"
liestal,2022-12-14,1.2,-2.9,-0.4,1.2,-8,-3.4,-1.6,91.7,12.439,100,70.83,"rain,freezingrain,snow",1.9,3.6,30.4,49.7,116.7,1002.8,99.7,4.2,11,0.9,1,10,2022-12-14T08:09:16,2022-12-14T16:38:06,0.67,"Snow, Rain, Freezing Drizzle/Freezing Rain, Overcast",Cloudy skies throughout the day with rain or snow.,snow,"06601099999,06641099999,06645099999,04175,07299099999,F3899,00259,06626099999,F6151,01346"
liestal,2022-12-15,0.1,-1,-0.3,-0.1,-5.7,-1.8,-0.7,97.5,4.717,100,54.17,"rain,freezingrain,snow",1.6,4.1,16.9,16.2,336.7,1005.6,100,2.1,8.5,0.7,0,10,2022-12-15T08:10:04,2022-12-15T16:38:17,0.71,"Snow, Rain, Freezing Drizzle/Freezing Rain, Overcast",Cloudy skies throughout the day with rain or snow.,snow,"06601099999,06641099999,06645099999,04175,07299099999,00259,06626099999,F6151,01346"
liestal,2022-12-16,-1.4,-3.4,-2.3,-2.3,-6.2,-4.5,-3.5,91.6,2.107,100,54.17,snow,3.6,2.1,17.1,13.7,288.8,1012.8,99,5.2,5.3,0.6,0,10,2022-12-16T08:10:50,2022-12-16T16:38:30,0.76,"Snow, Overcast",Cloudy skies throughout the day with a chance of snow throughout the day.,snow,"06601099999,06641099999,06645099999,04175,07299099999,00259,06626099999,F6151,E5506,01346"
liestal,2022-12-17,-2,-5.2,-3.9,-2.2,-9,-5,-5.3,90,0,0,0,,0,2,20.4,11.8,31.1,1026.5,90.5,2.9,16.3,1.4,1,10,2022-12-17T08:11:33,2022-12-17T16:38:47,0.81,Overcast,Cloudy skies throughout the day.,cloudy,"06601099999,06641099999,06645099999,04175,07299099999,06626099999,D5072,F6151"
liestal,2022-12-18,0.3,-3.4,-1.5,-4.6,-8.4,-6.3,-3.8,84.3,0,0,0,,0,3,38.9,21.8,90.2,1030.2,72.4,4.4,43.9,3.8,3,10,2022-12-18T08:12:13,2022-12-18T16:39:06,0.86,Partially cloudy,Partly cloudy throughout the day.,partly-cloudy-day,"06601099999,06641099999,06645099999,04175,07299099999,06626099999,F6151"
liestal,2022-12-19,5.8,-0.2,2.8,3.2,-4.5,-0.6,-0.3,80.3,0.039,100,4.17,"rain,snow",0,5.5,33.4,19.7,126.4,1027.4,87.6,9,37.7,3.2,3,10,2022-12-19T08:12:51,2022-12-19T16:39:28,0.91,"Snow, Rain, Partially cloudy",Partly cloudy throughout the day with early morning snow or rain.,rain,"06601099999,06641099999,06645099999,04175,07299099999,00259,06626099999,F6151,01346"
liestal,2022-12-20,9.5,3.1,5.8,7.9,0.2,3.4,2.1,77.7,0,0,0,,0,4.9,31,13.9,124.7,1021.5,93.7,17.7,29.7,2.6,3,10,2022-12-20T08:13:26,2022-12-20T16:39:53,0.95,Overcast,Cloudy skies throughout the day.,cloudy,"06601099999,06641099999,06645099999,04175,07299099999,06626099999,F6151"
liestal,2022-12-21,8.5,5.6,7.1,8.1,2.7,5.5,5.9,92.3,5.261,100,58.33,rain,0,2.7,33.4,17.7,144,1018,99.1,8.6,12.3,1.1,1,10,2022-12-21T08:13:59,2022-12-21T16:40:20,0.98,"Rain, Overcast",Cloudy skies throughout the day with a chance of rain throughout the day.,rain,"06601099999,06641099999,06645099999,04175,07299099999,06626099999,F6151"
liestal,2022-12-22,12.8,7.5,10.5,12.8,4.7,9.6,6.2,75.5,3.43,100,79.17,rain,0,0.1,64.8,31.3,241.6,1014.3,96.3,31.8,17.5,1.5,2,10,2022-12-22T08:14:29,2022-12-22T16:40:51,1,"Rain, Overcast",Cloudy skies throughout the day with a chance of rain throughout the day.,rain,"06601099999,06641099999,06645099999,04175,07299099999,06626099999,F6151"
liestal,2022-12-23,14.5,10.3,12.7,14.5,10.3,12.7,10.1,84.4,10.789,100,87.5,rain,0,0,58.4,30.7,238.8,1011.8,97.5,44.1,5,0.3,0,10,2022-12-23T08:14:56,2022-12-23T16:41:24,0,"Rain, Overcast",Cloudy skies throughout the day with a chance of rain throughout the day.,rain,"06601099999,06641099999,06645099999,04175,07299099999,06626099999,F6151,E5506"
liestal,2022-12-24,13.1,8.7,10.5,13.1,7.4,10.3,7.1,79.6,0.467,100,37.5,rain,0,0,56.9,14.1,232.9,1018.5,98.5,52.8,17.6,1.4,1,10,2022-12-24T08:15:21,2022-12-24T16:42:00,0.01,"Rain, Overcast",Cloudy skies throughout the day with rain.,rain,"06601099999,06641099999,06645099999,04175,07299099999,06626099999,F6151"
liestal,2022-12-25,10.8,6.7,8.8,10.8,4.4,7.4,6.9,88.3,0.085,100,12.5,rain,0,0,34.1,18.5,124,1018.4,78,24,40.8,3.5,3,10,2022-12-25T08:15:43,2022-12-25T16:42:38,0.03,"Rain, Partially cloudy",Partly cloudy throughout the day with rain.,rain,"06601099999,06641099999,06645099999,04175,07299099999,00259,06626099999,E5506,F6151,01346"
liestal,2022-12-26,10.2,6.1,8.4,10.2,3.6,6.5,6.7,89.3,9.203,100,41.67,rain,0,0,52.5,18.3,245.9,1022.2,94.4,28.2,4.5,0.5,0,10,2022-12-26T08:16:02,2022-12-26T16:43:20,0.07,"Rain, Overcast",Cloudy skies throughout the day with rain.,rain,"06601099999,06641099999,06645099999,04175,07299099999,06643099999,06626099999,F6151"
liestal,2022-12-27,8.2,2.1,5.9,8.2,2.1,5.2,3.3,83.7,0.33,100,20.83,rain,0,0,49.2,16.4,273.5,1030.2,85.9,44.9,27.8,2.4,2,10,2022-12-27T08:16:18,2022-12-27T16:44:03,0.11,"Rain, Partially cloudy",Partly cloudy throughout the day with rain clearing later.,rain,"06601099999,06641099999,06645099999,04175,07299099999,06643099999,06626099999,E5506,F6151"
liestal,2022-12-28,9.7,1.8,5.1,8.3,-0.7,3,2.1,81.8,0,0,0,,0,0,30.5,13.8,152.3,1022.9,86.5,26.6,44.8,3.8,3,10,2022-12-28T08:16:32,2022-12-28T16:44:49,0.16,Partially cloudy,Partly cloudy throughout the day.,partly-cloudy-day,"06601099999,06641099999,06645099999,04175,07299099999,06626099999,AT524,F6151"
liestal,2022-12-29,13.2,5.8,10,13.2,3,8.7,4.4,69.1,3.247,100,33.33,rain,0,0,61.5,26.9,222.9,1015.5,98.4,46,17.6,1.5,2,10,2022-12-29T08:16:42,2022-12-29T16:45:38,0.22,"Rain, Overcast",Cloudy skies throughout the day with rain.,rain,"06601099999,06641099999,06645099999,04175,07299099999,06626099999,F6151,E5506"
liestal,2022-12-30,13.8,4.2,8.3,13.8,1.8,6.8,5.9,85.4,4.664,100,54.17,rain,0,0,61.1,28.4,188.9,1017.1,91.5,46.4,22.6,1.9,1,10,2022-12-30T08:16:50,2022-12-30T16:46:29,0.27,"Rain, Overcast",Cloudy skies throughout the day with rain.,rain,"06601099999,06641099999,06645099999,04175,07299099999,06626099999,E5506,F6151"
liestal,2022-12-31,15.2,9.5,13,15.2,8.5,12.9,8.3,73.3,0.087,100,12.5,rain,0,0,59.2,23.6,188,1020.1,82.3,46.1,36,3.1,2,10,2022-12-31T08:16:55,2022-12-31T16:47:23,0.33,"Rain, Partially cloudy",Partly cloudy throughout the day with rain clearing later.,rain,"06601099999,06641099999,06645099999,04175,07299099999,06643099999,06626099999,F6151"
liestal,2023-01-01,15.6,6.7,10.8,15.6,4.4,10,6.8,77,0.016,100,4.17,rain,0,0,32.4,16.8,139.8,1022.5,37.6,20.8,42.1,3.7,3,10,2023-01-01T08:16:57,2023-01-01T16:48:18,0.37,"Rain, Partially cloudy",Partly cloudy throughout the day with morning rain.,rain,"06601099999,06641099999,06645099999,07299099999,04175,06643099999,00259,06626099999,F6151,01346"
liestal,2023-01-02,13.9,8.2,10,13.9,6,9,5.9,76.4,3.353,100,33.33,rain,0,0,35.9,17.3,150,1023.5,87,42.7,33.8,2.9,3,10,2023-01-02T08:16:56,2023-01-02T16:49:16,0.41,"Rain, Partially cloudy",Partly cloudy throughout the day with rain.,rain,"06601099999,06641099999,06645099999,04175,07299099999,06626099999,D5072,E5506,F6151"
liestal,2023-01-03,9.1,2.8,6.7,9.1,2.8,6.6,5.8,94.1,0.72,100,50,rain,0,0,17.9,6.7,164,1031.6,84.9,29.6,21.3,1.8,1,10,2023-01-03T08:16:52,2023-01-03T16:50:16,0.45,"Rain, Partially cloudy",Partly cloudy throughout the day with a chance of rain throughout the day.,rain,"06601099999,06641099999,06645099999,04175,07299099999,06626099999,F6151"
liestal,2023-01-04,9.4,3,5.7,7.4,1.4,4.5,4.4,91.2,0.696,100,25,rain,0,0,34.4,16.9,190.2,1031.1,88.9,25.8,10.5,0.9,1,10,2023-01-04T08:16:46,2023-01-04T16:51:19,0.47,"Rain, Partially cloudy",Partly cloudy throughout the day with rain.,rain,"06601099999,06641099999,06645099999,04175,07299099999,06626099999,E5506,F6151"
liestal,2023-01-05,12.2,7.4,10.3,12.2,7.2,9.9,8,85.9,1.721,100,41.67,rain,0,0,41.1,15.5,251.5,1026.8,97,48.7,14.9,1.3,1,10,2023-01-05T08:16:36,2023-01-05T16:52:23,0.49,"Rain, Overcast",Cloudy skies throughout the day with a chance of rain throughout the day.,rain,"06601099999,06641099999,06645099999,04175,07299099999,06626099999,F6151"
liestal,2023-01-06,10,5.9,7.8,9.2,5.5,7.3,6.4,91.3,0.039,100,4.17,rain,0,0,17,7.6,236,1025.3,97.1,43.7,20.2,2,1,10,2023-01-06T08:16:24,2023-01-06T16:53:29,0.5,"Rain, Overcast",Cloudy skies throughout the day with afternoon rain.,rain,"06601099999,06641099999,06645099999,04175,07299099999,06626099999,F6151"
liestal,2023-01-07,10.8,4.9,7.5,10.8,2.6,6.2,4.5,81.9,0,0,0,,0,0,30.6,15.8,137.1,1018.7,62.1,28.1,46.3,3.9,3,10,2023-01-07T08:16:09,2023-01-07T16:54:37,0.5,Partially cloudy,Clearing in the afternoon.,partly-cloudy-day,"06601099999,06641099999,06645099999,04175,07299099999,06626099999,F6151"
liestal,2023-01-08,7.4,4.4,6.1,5.7,1.7,4.1,4.7,90.6,8.276,100,75,rain,0,0,29.2,13.9,137.1,1009.4,97.6,9,8,0.5,0,10,2023-01-08T08:15:51,2023-01-08T16:55:47,0.52,"Rain, Overcast",Cloudy skies throughout the day with a chance of rain throughout the day.,rain,"06601099999,06641099999,06645099999,04175,07299099999,06626099999,F6151"
liestal,2023-01-09,7.9,4.5,6,5.8,0.4,2.9,2.5,78.6,9.034,100,75,rain,0,0,54.2,26.3,243.8,1008.9,90.2,36.1,18.5,1.6,1,10,2023-01-09T08:15:31,2023-01-09T16:56:59,0.53,"Rain, Overcast",Cloudy skies throughout the day with a chance of rain throughout the day.,rain,"06601099999,06641099999,06645099999,04175,07299099999,06626099999,F6151"
liestal,2023-01-10,7,3.1,5.1,6.1,0.5,2.8,1,75,0.234,100,20.83,"rain,snow",0,0,49.4,20.9,241.5,1023.9,91.5,47.3,22.2,2,1,10,2023-01-10T08:15:07,2023-01-10T16:58:13,0.55,"Snow, Rain, Overcast",Cloudy skies throughout the day with rain or snow clearing later.,rain,"06601099999,06641099999,06645099999,04175,07299099999,E8728,06626099999,F6151"
liestal,2023-01-11,9.5,5.6,7.1,6.9,3.3,5,4.3,82.9,3.19,100,41.67,rain,0,0,41.2,19.9,207,1021.5,96,47.7,7.2,0.6,0,10,2023-01-11T08:14:41,2023-01-11T16:59:28,0.59,"Rain, Overcast",Cloudy skies throughout the day with rain.,rain,"06601099999,06641099999,06645099999,04175,07299099999,06626099999,F6151"
liestal,2023-01-12,10.4,5.6,8.2,10.4,2.4,6.5,2.5,67.9,0,0,0,,0,0,46.7,22.9,243.8,1022.7,95.8,56.9,18.7,1.5,1,10,2023-01-12T08:14:12,2023-01-12T17:00:45,0.63,Overcast,Cloudy skies throughout the day.,cloudy,"06601099999,06641099999,06645099999,04175,07299099999,06626099999,F6151"
liestal,2023-01-13,10.5,6.2,8.3,10.5,2.9,5.7,4.2,76.5,6.926,100,79.17,rain,0,0,55.7,24.7,242.1,1019.6,95.2,47.4,23.5,1.9,2,10,2023-01-13T08:13:40,2023-01-13T17:02:03,0.68,"Rain, Overcast",Cloudy skies throughout the day with a chance of rain throughout the day.,rain,"06601099999,06641099999,06645099999,04175,07299099999,06626099999,F6151"
liestal,2023-01-14,9.7,3.3,6.9,7.6,1.7,5.1,3.2,77.9,0.429,100,25,rain,0,0,39.3,17.8,191.2,1019.1,94.2,44.4,27.6,2.4,2,10,2023-01-14T08:13:06,2023-01-14T17:03:22,0.72,"Rain, Overcast",Cloudy skies throughout the day with late afternoon rain.,rain,"06601099999,06641099999,06645099999,04175,07299099999,06626099999,F6151"
liestal,2023-01-15,12.6,1.8,7,12.6,-1.7,4.8,2.2,72.5,5.496,100,54.17,rain,0,0,73.3,35.8,242.6,1011.5,78.4,42.7,11.4,1,1,10,2023-01-15T08:12:29,2023-01-15T17:04:43,0.78,"Rain, Partially cloudy",Partly cloudy throughout the day with a chance of rain throughout the day.,rain,"06601099999,06641099999,06645099999,04175,07299099999,06643099999,06626099999,F6151"
liestal,2023-01-16,6.6,0.8,3.4,2.3,-2.9,-0.7,-0.7,75.3,1.501,100,45.83,"rain,snow",0.1,0,71.4,32.9,208.5,996.8,85.4,49.3,23.4,2.1,2,10,2023-01-16T08:11:50,2023-01-16T17:06:05,0.83,"Snow, Rain, Partially cloudy",Partly cloudy throughout the day with rain or snow.,snow,"06641099999,06645099999,04175,07299099999,06643099999,00259,06626099999,AT524,F6151,01346"
liestal,2023-01-17,2.3,-0.4,1.1,1.9,-2.8,-0.6,-0.2,90.8,3.432,100,54.17,"rain,snow",1,0.3,47.6,11.5,103.8,989.4,94.8,33.7,14.4,1.1,1,10,2023-01-17T08:11:08,2023-01-17T17:07:29,0.88,"Snow, Rain, Overcast",Cloudy skies throughout the day with rain or snow.,snow,"06641099999,06645099999,04175,07299099999,06643099999,06626099999,F6151"
liestal,2023-01-18,1.2,-0.5,0.5,1,-4,-1.8,-1.1,89.5,1.68,100,41.67,"rain,snow",1.5,1,20,10.3,271,997.9,97.1,17,21.6,1.9,2,10,2023-01-18T08:10:23,2023-01-18T17:08:53,0.93,"Snow, Rain, Overcast",Cloudy skies throughout the day with a chance of rain or snow throughout the day.,snow,"06641099999,06601099999,06645099999,04175,07299099999,06643099999,06626099999,F6151"
liestal,2023-01-19,1.8,-3,-1,1.1,-5.4,-1.9,-4,81,0.039,100,4.17,"rain,snow",0,2.4,19.8,7.1,188.1,1011,85.4,19.1,43.2,3.8,4,10,2023-01-19T08:09:36,2023-01-19T17:10:19,0.96,"Snow, Rain, Partially cloudy",Partly cloudy throughout the day with late afternoon rain or snow.,rain,"06601099999,06641099999,06645099999,04175,07299099999,06626099999,F6151"
liestal,2023-01-20,2,-3.8,-2,2,-6.6,-2.6,-4.6,82.9,0,0,0,,0,2.3,14.1,7.9,215.4,1018.5,83.7,11.6,29.4,2.5,2,10,2023-01-20T08:08:46,2023-01-20T17:11:45,0.99,Partially cloudy,Partly cloudy throughout the day.,partly-cloudy-day,"06601099999,06641099999,06645099999,04175,07299099999,06626099999,F6151"
liestal,2023-01-21,0,-5.7,-2.8,-2.8,-9.8,-6.4,-5.6,81.4,0,0,0,snow,0.1,1.3,33,42.5,45,1024.7,69.2,10,55.4,4.8,4,10,2023-01-21T08:07:54,2023-01-21T17:13:13,1,Partially cloudy,Partly cloudy throughout the day.,snow,"06601099999,06641099999,06645099999,04175,07299099999,00259,06626099999,E5506,F6151,01346"
liestal,2023-01-22,0.1,-2.1,-1,-0.2,-4.7,-2.6,-2.8,87.6,0.018,100,4.17,"rain,snow",1.5,2.4,22,8.1,346.5,1027.5,100,11.6,20.4,1.7,1,10,2023-01-22T08:07:00,2023-01-22T17:14:41,0,"Snow, Rain, Overcast",Cloudy skies throughout the day with morning rain or snow.,snow,"06601099999,06641099999,06645099999,04175,07299099999,06626099999,F6151"
liestal,2023-01-23,2.1,-0.7,0.6,-0.5,-4.9,-2.6,-2.6,79.4,0.08,100,8.33,"rain,snow",0.4,1.1,42.6,19.4,57,1029.3,100,15.4,13.3,1.1,1,10,2023-01-23T08:06:03,2023-01-23T17:16:10,0.02,"Snow, Rain, Overcast",Cloudy skies throughout the day with late afternoon rain or snow.,snow,"06601099999,06641099999,06645099999,04175,07299099999,06626099999,F6151"
liestal,2023-01-24,3.2,1.5,2.6,0.6,-2.8,-0.7,-0.2,81.7,0,0,0,,0.1,0.9,35.7,16.9,57.6,1032.4,100,10.3,13.4,1.2,1,10,2023-01-24T08:05:04,2023-01-24T17:17:40,0.05,Overcast,Cloudy skies throughout the day.,snow,"06601099999,06641099999,06645099999,04175,07299099999,06626099999,F6151"
liestal,2023-01-25,2.5,1.2,2,0.3,-1.4,-0.5,0.1,87.3,0.051,100,12.5,"rain,snow",0,2.7,25.3,11.3,43,1030.3,100,5.4,13,1.1,1,10,2023-01-25T08:04:03,2023-01-25T17:19:11,0.09,"Snow, Rain, Overcast",Cloudy skies throughout the day with rain or snow clearing later.,rain,"06601099999,06641099999,06645099999,04175,07299099999,06626099999,F6151"
liestal,2023-01-26,1,-0.9,0.2,0.7,-3.5,-1.7,-1.7,87.2,0,0,0,snow,0,3.4,19.2,8.2,8.8,1022.3,100,8.3,11.5,1.1,0,10,2023-01-26T08:02:59,2023-01-26T17:20:42,0.14,Overcast,Cloudy skies throughout the day.,cloudy,"06601099999,06641099999,06645099999,04175,07299099999,06626099999,F6151"
liestal,2023-01-27,0.5,-1.5,-0.6,-2.6,-4.8,-3.6,-3.2,83,0,0,0,snow,0.1,2.8,26.9,13.2,6,1021.5,99.7,14.8,20.2,1.7,1,10,2023-01-27T08:01:53,2023-01-27T17:22:14,0.19,Overcast,Cloudy skies throughout the day.,snow,"06601099999,06641099999,06645099999,04175,07299099999,06626099999,F6151"
liestal,2023-01-28,2,-0.5,0.7,-0.6,-3.7,-2.3,-3.3,75.1,0,0,0,,0,3.2,29.1,15.4,33.8,1025.6,100,25.5,13.5,1,1,10,2023-01-28T08:00:45,2023-01-28T17:23:46,0.24,Overcast,Cloudy skies throughout the day.,cloudy,"06601099999,06641099999,06645099999,04175,07299099999,00259,06626099999,F6151,01346"
liestal,2023-01-29,1.8,-3,0.1,1.7,-7.4,-1.5,-3.5,77.1,0,0,0,,0,2.7,29.8,12.1,13,1029.4,84.7,15.7,33.4,2.9,2,10,2023-01-29T07:59:36,2023-01-29T17:25:19,0.29,Partially cloudy,Partly cloudy throughout the day.,partly-cloudy-day,"06601099999,06641099999,06645099999,04175,07299099999,00259,06626099999,E5506,F6151,01346"
liestal,2023-01-30,3.4,-4.1,-0.1,1.7,-6.5,-1.8,-2.7,83.9,1.191,100,25,snow,1.1,2.9,23.8,9,269.1,1028.7,82.8,18.8,38.1,3.2,3,10,2023-01-30T07:58:24,2023-01-30T17:26:52,0.34,"Snow, Partially cloudy",Partly cloudy throughout the day with snow.,snow,"06601099999,06641099999,06645099999,04175,07299099999,00259,06626099999,AT524,F6151,E5506,01346"
liestal,2023-01-31,4.9,-1.2,2.4,4.3,-1.2,1.5,-0.2,83.6,0,0,0,,0,1.5,29.4,25.9,266.2,1030.7,79.1,22.5,35.7,2.9,2,10,2023-01-31T07:57:10,2023-01-31T17:28:25,0.39,Partially cloudy,Partly cloudy throughout the day.,partly-cloudy-day,"06601099999,06641099999,06645099999,04175,07299099999,00259,06626099999,F6151,AT524,01346"
liestal,2023-02-01,6.3,3,4.9,0.8,-3.6,-1,0.7,74.6,0.379,100,16.67,rain,0,0.3,43.2,52.2,251.1,1028.8,84.7,0,24.5,2.2,1,10,2023-02-01T07:55:54,2023-02-01T17:29:59,0.42,"Rain, Partially cloudy",Partly cloudy throughout the day with rain.,rain,"04175,00259,AT524,F6151,E5506,01346"
